,,,,,,,,,,,,,,,,,,,,,,,,,,,,,,,,
,"Gross Domestic Product, Domestic Currency",,,,,,,,,,,,,,,,,,,,,,,,,,,,,,,
,"Nominal, Quarterly",,,,,,,,,,,,,,,,,,,,,,,,,,,,,,,
,,,,,,,,,,,,,,,,,,,,,,,,,,,,,,,,
,Source: International Financial Statistics (IFS),,,,,,,,,,,,,,,,,,,,,,,,,,,,,,,
,,,,,,,,,,,,,,,,,,,,,,,,,,,,,,,,
,Country,2013Q1,2013Q2,2013Q3,2013Q4,2014Q1,2014Q2,2014Q3,2014Q4,2015Q1,2015Q2,2015Q3,2015Q4,2016Q1,2016Q2,2016Q3,2016Q4,2017Q1,2017Q2,2017Q3,2017Q4,2018Q1,2018Q2,2018Q3,2018Q4,2019Q1,2019Q2,2019Q3,2019Q4,2020Q1,2020Q2,2020Q3
,Albania,"311,321.42","359,025.46","325,849.14","353,856.61","315,138.27","370,523.88","348,624.07","361,018.41","318,751.01","383,681.08","360,196.47","371,677.95","332,995.45","385,337.81","366,016.81","388,129.06","351,316.68","410,173.12","385,208.04","403,947.65","374,717.67","431,961.66","408,940.88","420,094.42","384,734.56","446,499.15","426,243.12","420,953.68","373,314.99","387,247.98",...
,Argentina,"722,245.20","846,952.70","859,136.60","919,973.90","979,412.20","1,175,657.40","1,171,375.80","1,252,641.00","1,273,173.40","1,487,869.70","1,555,432.70","1,638,035.10","1,751,661.30","2,103,639.10","2,131,907.20","2,240,952.00","2,310,219.40","2,639,552.10","2,779,105.60","2,931,351.40","3,059,794.10","3,508,513.60","3,779,530.90","4,194,883.50","4,353,028.30","5,227,421.30","5,571,813.80","6,294,986.50","6,197,808.30","5,903,582.40",...
,"Armenia, Rep. of","784,166.20","978,205.10","1,363,072.30","1,430,194.60","814,938.40","1,030,592.90","1,443,501.10","1,539,593.90","879,565.70","1,105,248.02","1,523,902.70","1,534,916.80","893,634.20","1,132,260.60","1,525,628.40","1,515,770.30","971,041.00","1,212,700.80","1,587,405.40","1,793,346.10","1,115,563.90","1,362,703.90","1,687,018.40","1,851,749.00","1,245,326.60","1,489,641.70","1,835,351.00","1,998,711.50","1,268,440.20","1,270,978.00",...
,Australia,"369,422.00","390,707.00","392,506.00","415,620.00","386,766.00","403,637.00","402,046.00","421,531.00","392,276.00","408,748.00","411,311.00","428,108.00","398,637.00","422,658.00","424,744.00","457,430.00","431,004.00","450,449.00","452,978.00","473,857.00","448,446.00","474,599.00","476,713.00","500,857.00","471,362.00","499,667.00","503,307.00","520,729.00","487,118.00","470,445.00",...
,Austria,"77,118.61","80,679.28","81,143.58","84,968.73","78,975.26","83,235.72","83,365.83","87,569.25","81,812.39","85,599.74","86,296.66","90,560.45","86,018.24","89,349.79","88,843.76","93,396.16","88,503.19","92,031.92","91,967.79","96,838.37","92,971.20","95,316.63","95,348.88","101,725.18","96,074.38","98,844.76","98,974.17","103,681.98","93,823.79","86,150.26","95,614.42"
,"Azerbaijan, Rep. of","12,917.50","13,919.20","15,466.00","15,879.30","13,143.10","15,317.40","15,886.90","14,666.70","11,604.30","14,170.40","14,096.00","14,509.30","12,510.00","15,161.60","15,970.50","16,751.50",...,...,...,...,...,...,...,...,...,...,...,...,...,...,...
,"Bahrain, Kingdom of","3,013.37","2,972.20","3,102.76","3,146.50","3,047.04","3,172.77","3,236.68","3,097.29","2,860.83","3,002.93","2,962.79","2,876.76","2,852.36","2,998.27","3,066.98","3,061.15",...,...,...,...,...,...,...,...,...,...,...,...,...,...,...
,"Belarus, Rep. of","13,701.36","16,372.03","18,573.68","18,421.78","16,670.21","19,125.68","22,635.56","22,147.82","19,821.31","21,597.59","24,524.41","23,966.50","21,121.70","23,052.50","25,720.60","25,054.20","22,652.40","25,341.20","28,569.20","29,185.40","26,766.10","29,341.80","33,127.30","33,084.50","29,077.20","31,688.00","36,170.10","35,016.40",...,...,...
,Belgium,"94,778.00","99,134.00","95,256.00","103,712.00","97,159.00","100,995.00","98,215.00","106,635.00","100,109.00","104,882.00","101,419.00","110,292.00","102,431.00","108,919.00","104,750.00","113,985.00","107,321.00","112,505.00","107,644.00","117,521.00","110,212.00","116,273.00","111,298.00","122,636.00","114,209.00","120,178.00","115,420.00","126,397.00","113,665.00","103,698.00","110,937.00"
,Bolivia,"49,829.50","52,449.20","53,503.67","56,073.67","53,960.57","56,635.19","57,868.43","59,539.47","55,975.75","56,814.28","56,306.19","58,935.15","55,360.46","56,563.70","59,641.19","62,967.83","61,026.42","61,794.11","66,836.44","69,527.74","66,707.98","66,902.39","69,456.04",...,...,...,...,...,...,...,...
,Bosnia and Herzegovina,"6,125.67","6,629.89","7,273.84","6,749.36","6,308.50","6,605.82","7,292.13","7,152.27","6,421.32","7,042.11","7,723.38","7,402.26","6,745.10","7,274.83","8,112.05","7,772.48","7,055.90","7,631.25","8,531.66","8,157.43","7,595.44","8,242.84","8,932.63","8,673.16","8,020.78","8,741.84","9,426.68","9,039.56","8,327.16","7,945.92",...
,Botswana,"28,429.30","32,466.00","31,665.60","32,597.50","34,491.50","37,703.60","36,156.20","37,517.10","36,649.70","37,398.90","24,394.49","25,087.84","23,571.77","23,702.57","21,692.70","23,936.80","20,331.29","22,479.74","21,902.30","21,902.30",...,...,...,...,...,...,...,...,...,...,...
,Brazil,"1,241,621.76","1,322,587.42","1,354,133.22","1,413,276.59","1,385,945.43","1,422,288.32","1,462,126.27","1,508,592.98","1,456,836.78","1,480,130.86","1,508,219.71","1,550,599.65","1,499,483.08","1,558,285.59","1,577,224.26","1,634,335.07","1,589,214.39","1,633,651.30","1,647,680.12","1,712,773.19","1,657,833.65","1,704,702.31","1,736,935.00","1,789,705.13","1,725,680.60","1,795,805.84","1,842,110.27",...,...,...,...
,Brunei Darussalam,"6,067.50","5,626.40","5,347.10","5,597.70","5,737.20","5,479.20","5,209.60","5,245.60","4,655.60","4,526.30","4,321.90","4,274.20","3,940.70","4,029.40","3,763.60","4,014.00",...,...,...,...,...,...,...,...,...,...,...,...,...,...,...
,Bulgaria,"17,255.87","19,923.84","21,984.87","22,790.27","16,878.15","20,148.15","23,287.84","23,570.79","18,245.98","22,119.47","24,072.78","24,924.12","19,631.92","22,937.08","25,830.10","26,731.49","20,930.99","24,904.61","27,902.90","28,606.58","22,268.76","26,660.96","30,441.57","30,372.08","25,127.82","29,687.78","31,680.67","33,275.99","25,993.09","27,774.03","31,675.65"
,Cabo Verde,"36,712.01","39,291.03","38,368.61","39,351.52","38,213.89","38,932.03","37,291.44","39,998.39","38,969.38","39,248.31","37,302.83","41,004.55","40,432.22","40,103.83","37,960.79","42,745.26",...,...,...,...,...,...,...,...,...,...,...,...,...,...,...
,Canada,"443,125.00","460,401.00","500,963.00","497,758.00","467,345.00","488,985.00","524,490.00","514,078.00","472,379.00","487,051.00","521,592.00","509,419.00","475,252.00","490,410.00","530,194.00","529,679.00","499,356.00","524,610.00","559,684.00","557,457.00","521,971.00","545,995.00","585,742.00","570,148.00","536,870.00","568,190.00","601,987.00","596,831.00","544,563.00",...,...
,Chile,"33,213,415.70","33,990,993.10","33,433,372.20","37,238,434.80","36,077,488.00","36,627,476.80","35,772,848.20","40,121,640.90","39,179,707.80","39,535,450.00","38,263,478.30","42,574,712.20","41,953,610.80","41,447,910.40","40,805,268.50","45,330,598.10","43,602,201.30","44,040,884.60","43,782,195.80","48,330,844.20","47,222,449.00","47,526,133.80","45,751,315.70","50,766,053.50","49,022,753.20","49,487,887.10","48,370,573.60","51,559,493.00","51,606,540.80","46,432,454.70","47,339,132.40"
,"China, P.R.: Hong Kong","509,631.00","492,375.00","551,059.00","585,240.00","535,907.00","526,194.00","580,793.00","617,111.00","572,160.00","565,750.00","614,251.00","646,119.00","590,556.00","585,135.00","636,333.00","678,414.00","631,418.00","628,277.00","679,352.00","720,337.00","684,538.00","673,764.00","723,240.00","753,619.00","707,866.00","694,280.00","719,326.00","744,207.00","661,590.00","637,851.00",...
,"China, P.R.: Macao","94,508.00","97,063.00","101,895.00","118,399.00","115,196.00","112,519.00","106,976.00","107,379.00","94,215.00","88,973.00","86,994.00","92,032.00","85,515.00","84,180.00","91,455.00","101,418.00","96,004.00","96,673.00","101,438.00","113,214.00","108,939.00","107,048.00","108,143.00","120,536.00","108,184.00","107,123.00","105,766.00",...,...,...,...
,"China, P.R.: Mainland","12,944,960.00","14,351,870.00","15,222,270.00","16,777,230.00","14,027,020.00","15,592,230.00","16,489,780.00","18,019,030.00","15,059,380.00","16,787,450.00","17,580,380.00","19,172,080.00","16,096,730.00","17,987,870.00","18,933,760.00","20,987,720.00","17,940,340.00","19,917,780.00","20,982,410.00","23,234,900.00","19,792,000.00","21,929,540.00","22,949,550.00","25,359,860.00","21,343,280.00","23,750,030.00","24,686,510.00",...,...,...,...
,Colombia,"164,587,913.67","173,151,240.80","181,903,465.90","194,450,379.63","180,412,518.42","183,072,373.18","193,080,812.97","206,337,295.43","188,325,418.12","190,719,325.67","206,431,097.11","219,216,159.09","202,084,918.27","206,715,259.56","218,354,642.93","236,627,179.24","216,202,769.14","219,615,891.57","233,794,403.33","250,857,935.96","230,416,169.01","236,022,230.73","251,232,226.90","268,260,373.36","245,414,429.81","255,020,996.64","270,632,580.56","290,661,524.53","257,941,438.40","215,000,202.34",...
,Costa Rica,"6,191,199.70","6,059,375.20","6,066,973.90","6,543,394.70","6,718,056.40","6,623,021.30","6,656,816.40","7,228,989.30","7,328,059.10","7,137,588.00","7,156,107.60","7,659,618.60","7,769,115.40","7,589,957.70","7,565,062.40","8,212,075.00","8,321,510.70","8,099,305.30","8,085,965.60","8,682,439.00","8,803,904.50","8,577,467.40","8,490,753.60","9,065,810.30","9,224,505.70","8,826,080.10","8,848,484.80","9,396,549.10","9,289,282.00","7,873,102.10",...
,"Croatia, Rep. of","75,514.60","84,471.09","90,572.05","81,432.45","74,136.31","83,875.16","91,219.40","82,091.02","75,345.00","85,607.70","94,601.96","84,107.97","77,571.60","87,966.93","98,057.22","87,601.15","80,299.60","92,014.33","103,579.44","91,607.66","83,865.76","97,375.04","108,765.90","95,369.88","88,514.99","101,299.92","113,209.64","99,312.22","90,392.55","85,192.77","101,390.16"
,Cyprus,"4,314.20","4,646.70","4,580.40","4,453.70","4,181.20","4,412.60","4,485.60","4,350.80","4,209.40","4,509.20","4,583.90","4,581.30","4,405.60","4,732.50","4,875.40","4,915.80","4,715.10","5,049.80","5,194.60","5,160.30","5,037.20","5,525.90","5,497.30","5,372.20","5,230.40","5,686.40","5,768.70","5,601.60","5,324.20","4,856.20","5,458.90"
,Czech Rep.,"955,889.00","1,034,830.00","1,052,330.00","1,099,762.00","997,951.00","1,088,654.00","1,116,501.00","1,142,660.00","1,066,579.00","1,163,326.00","1,184,154.00","1,211,319.00","1,114,961.00","1,215,075.00","1,216,961.00","1,249,876.00","1,168,642.00","1,285,296.00","1,305,042.00","1,351,763.00","1,247,727.00","1,357,697.00","1,373,688.00","1,429,654.00","1,327,947.00","1,440,896.00","1,470,239.00","1,509,586.00","1,353,528.00","1,340,827.00","1,451,022.00"
,Denmark,"464,259.20","487,524.70","482,170.40","495,722.70","479,593.60","495,208.50","493,651.70","512,711.10","495,858.10","513,524.80","505,857.90","521,115.40","504,761.20","534,094.70","521,505.80","547,446.50","530,588.20","558,361.00","541,099.10","562,911.70","536,517.70","570,371.80","560,955.10","585,713.50","560,149.80","589,524.50","582,159.80","603,167.90","574,232.30","553,642.80","562,847.70"
,Dominican Rep.,"623,151.16","643,436.91","647,218.94","705,962.68","689,474.43","712,913.08","707,012.81","768,127.49","744,416.59","765,465.72","759,591.19","830,177.70","801,373.49","832,951.96","818,031.01","881,062.81","861,277.68","897,091.20","884,417.31","970,360.95",...,...,...,...,...,...,...,...,...,...,...
,Ecuador,"23,019.79","23,441.32","24,238.58","24,429.97","24,831.49","25,543.28","25,942.91","25,408.65","25,052.74","25,086.20","24,779.74","24,371.71","24,913.57","24,926.19","24,910.74","25,187.20","26,000.26","25,993.55","25,960.91","26,341.14","26,510.61","26,761.83","27,078.40","27,211.17","26,757.82","26,937.63","26,922.52","26,817.70","26,002.31","23,549.79",...
,"Egypt, Arab Rep. of","423,600.00","446,200.00","518,000.00","499,300.00",...,...,...,...,...,...,...,...,...,...,...,...,...,...,...,...,...,...,...,...,...,...,...,...,...,...,...
,El Salvador,"5,205.76","5,549.60","5,431.32","5,804.29","5,431.12","5,703.06","5,592.72","5,866.58","5,613.83","5,867.32","5,831.96","6,125.13","5,690.32","6,177.99","5,966.10","6,357.03","5,938.98","6,274.42","6,152.20","6,613.60","6,203.12","6,571.08","6,467.90","6,875.30","6,454.95","6,766.98","6,711.04","7,089.67",...,...,...
,"Estonia, Rep. of","4,451.08","4,831.76","4,868.94","4,881.61","4,660.47","5,107.68","5,098.24","5,313.60","4,767.02","5,280.91","5,295.39","5,438.90","5,117.79","5,492.43","5,513.97","5,807.29","5,445.58","6,055.27","5,978.42","6,378.48","5,902.45","6,507.13","6,540.60","6,987.43","6,510.86","7,040.57","7,105.13","7,455.82","6,536.87","6,451.59","6,966.34"
,Euro Area,"2,399,146.45","2,483,037.91","2,481,840.92","2,569,293.43","2,464,086.49","2,530,145.80","2,537,524.98","2,635,443.99","2,537,821.97","2,618,155.05","2,628,468.24","2,735,407.53","2,612,738.19","2,706,795.12","2,691,565.75","2,804,525.57","2,706,841.30","2,789,668.73","2,796,391.80","2,923,803.72","2,805,260.42","2,890,861.70","2,879,503.84","3,012,037.96","2,891,735.45","2,971,761.08","2,978,160.80","3,093,863.37","2,859,301.70","2,589,646.70","2,874,772.13"
,Finland,"48,547.00","51,645.00","50,814.00","53,315.00","49,332.00","52,112.00","51,458.00","53,995.00","50,015.00","53,438.00","52,437.00","55,495.00","51,527.00","54,878.00","54,128.00","56,985.00","53,732.00","56,865.00","55,919.00","59,417.00","55,783.00","58,896.00","57,846.00","61,139.00","57,243.00","60,914.00","59,873.00","62,526.00","57,552.00","58,474.00","58,992.00"
,France,"521,506.00","531,010.00","520,471.00","544,202.00","531,249.00","536,560.00","528,508.00","553,448.00","543,050.00","549,149.00","540,348.00","565,885.00","554,013.00","561,664.00","545,506.00","572,946.00","565,860.00","573,594.00","563,607.00","594,183.00","582,580.00","587,982.00","579,295.00","610,829.00","597,720.00","606,543.00","597,695.00","623,752.00","579,098.00","513,877.00","578,096.00"
,Georgia,"5,914.46","6,900.92","7,510.71","8,266.95","6,561.22","7,545.65","8,206.35","8,810.88","7,048.02","8,430.94","8,998.90","9,457.15","7,581.86","8,787.32","9,464.09","10,002.75","8,662.42","9,868.13","10,940.55","11,290.57","9,551.45","10,935.75","11,850.94","12,261.20","10,199.90","12,024.93","13,446.52","14,330.82","11,063.76","11,209.98",...
,Germany,"682,360.00","692,930.00","714,670.00","721,390.00","716,700.00","717,360.00","740,720.00","752,650.00","737,210.00","741,980.00","765,670.00","781,320.00","762,950.00","779,080.00","788,980.00","803,730.00","796,940.00","799,040.00","821,890.00","841,990.00","821,150.00","831,070.00","839,800.00","864,390.00","845,820.00","846,940.00","870,150.00","886,140.00","851,810.00","768,770.00","842,970.00"
,Greece,"42,277.42","45,866.21","47,731.89","44,778.75","40,831.99","44,595.25","48,115.28","45,113.96","40,716.30","44,697.35","46,710.01","45,134.69","40,225.58","44,678.67","47,031.97","44,551.74","40,813.03","45,424.47","48,497.47","45,482.63","41,925.58","46,287.19","50,073.84","46,427.00","42,592.04","47,787.04","50,924.64","46,152.77","41,423.86","39,609.64",...
,Guatemala,"99,738.42","102,229.08","105,716.35","115,413.90","106,442.21","109,515.49","113,872.74","124,222.31","116,362.03","117,106.43","121,994.44","132,665.31","123,855.78","125,323.02","129,839.71","142,818.36","132,651.90","132,110.57","137,550.49","153,335.87","139,141.24","140,586.75","146,712.56",...,...,...,...,...,...,...,...
,Hungary,"6,672,025.00","7,512,715.00","7,816,910.00","8,289,270.00","7,222,366.00","8,090,368.00","8,480,345.00","8,949,099.00","7,665,512.00","8,549,662.00","8,954,158.00","9,767,981.00","7,928,661.00","9,028,303.00","9,279,148.00","9,931,341.00","8,536,710.00","9,687,931.00","10,064,497.00","10,944,292.00","9,381,532.00","10,662,950.00","11,184,587.00","12,117,972.00","10,367,465.00","11,749,724.00","12,217,394.00","13,179,329.00","10,984,886.00","10,831,111.00","12,176,396.00"
,Iceland,"476,002.88","486,182.39","508,661.96","499,298.50","470,943.35","504,708.63","561,276.86","549,430.77","541,080.58","580,058.80","604,416.25","585,292.15","566,563.94","618,723.53","676,157.84","650,609.52","598,091.08","649,831.26","712,182.20","682,318.23","657,453.53","700,663.16","747,164.68","730,608.24","678,975.85","756,382.44","792,160.16","791,858.33","682,947.17","694,482.02","730,099.13"
,India,"25,620,226.30","27,695,570.30","28,893,893.74","30,517,958.44","29,104,480.00","30,565,790.00","31,753,319.06","32,996,279.75","32,416,910.00","33,540,934.12","34,749,284.56","36,933,237.81","35,984,915.63","37,153,459.96","38,651,620.00","41,130,150.00","40,074,534.65","41,721,220.00","43,261,045.61","45,926,240.82","45,512,235.58","46,478,309.64","48,174,125.09","49,547,698.66","49,182,284.42","49,206,939.28","51,732,336.15","53,276,928.93","38,081,930.00",...,...
,Indonesia,"2,235,288,500.00","2,342,589,500.00","2,491,158,500.00","2,477,097,500.00","2,506,300,200.00","2,618,947,300.00","2,746,762,400.00","2,697,695,400.00","2,728,180,700.00","2,867,948,400.00","2,990,645,000.00","2,939,558,700.00","2,929,269,000.00","3,073,536,700.00","3,205,019,000.00","3,193,903,800.00","3,228,172,200.00","3,366,787,300.00","3,504,138,500.00","3,490,727,700.00","3,511,408,700.00","3,685,610,800.00","3,842,159,900.00","3,799,132,100.00","3,783,859,300.00","3,963,861,700.00","4,067,378,000.00","4,018,844,400.00","3,922,613,800.00",...,...
,"Iran, Islamic Rep. of","2,244,347,923.11","2,704,578,508.39","2,507,928,571.20","2,477,112,814.61","2,765,334,641.04","3,238,910,945.08","2,874,873,587.59","2,638,368,450.35","2,772,917,948.93","3,174,276,132.71","2,732,298,290.71","2,734,674,619.54","2,919,933,905.63","3,570,394,902.07","3,234,905,797.10","3,426,024,459.91",...,...,...,...,...,...,...,...,...,...,...,...,...,...,...
,Ireland,"43,301.61","44,368.38","46,864.12","45,082.20","46,486.98","48,298.83","50,599.58","49,762.75","63,269.95","62,956.14","67,917.00","68,710.24","64,559.71","63,418.94","68,742.56","74,088.26","70,026.92","70,462.59","78,253.17","81,644.18","79,650.17","78,003.66","85,041.47","84,290.77","84,928.89","84,930.93","93,224.99","92,966.36","91,882.42","82,651.80","99,298.29"
,Israel,"251,830.34","266,100.59","267,614.67","271,092.88","269,499.50","274,002.28","276,285.95","287,789.21","285,714.99","290,207.94","290,092.68","299,308.03","298,226.99","301,082.91","311,135.83","314,505.31","310,000.09","316,063.92","318,382.35","327,108.91","323,017.68","328,739.88","333,829.40","345,030.72","344,734.93","344,368.98","355,484.58",...,...,...,...
,Italy,"380,087.90","402,771.20","402,442.00","427,449.10","386,498.90","405,581.90","404,925.30","430,399.50","389,770.90","412,552.40","413,474.70","439,557.00","401,963.90","423,978.70","421,948.10","447,896.00","411,556.00","432,198.20","430,695.00","462,143.70","422,807.80","442,617.70","437,265.60","468,372.00","427,845.40","444,366.50","443,497.60","474,037.50","407,211.40","370,119.40","424,154.20"
,Jamaica,"348,473.64","347,074.28","359,196.45","376,353.36","379,621.06","374,587.21","380,649.36","406,861.21","409,742.31","408,455.98","407,893.70","441,101.45","434,667.79","433,510.94","432,459.40","454,089.19",...,...,...,...,...,...,...,...,...,...,...,...,...,...,...
,Japan,"123,290,400.00","123,962,300.00","124,080,000.00","131,842,800.00","127,370,100.00","126,615,900.00","125,507,400.00","134,382,600.00","131,729,200.00","131,433,800.00","130,273,600.00","137,883,200.00","133,195,400.00","132,294,800.00","130,701,600.00","139,345,400.00","134,509,000.00","134,461,100.00","134,034,100.00","142,893,200.00","136,159,600.00","135,979,200.00","133,195,000.00","141,517,900.00","137,429,500.00","137,778,300.00","136,296,300.00","142,255,900.00","136,169,200.00","125,795,900.00",...
,"Kazakhstan, Rep. of","6,966,935.00","7,533,057.20","9,268,001.20","12,231,031.70","7,933,827.50","8,549,124.70","10,558,035.10","12,634,845.60","8,267,517.70","8,536,900.40","10,632,118.60","13,447,596.90","9,309,090.90","10,047,966.00","11,998,069.20","15,616,023.90","10,431,358.00","11,114,911.70","13,595,795.50",...,...,...,...,...,...,...,...,...,...,...,...
,"Korea, Rep. of","355,384,700.00","373,096,500.00","379,887,200.00","392,450,800.00","373,559,700.00","388,566,900.00","393,425,400.00","407,377,000.00","394,261,800.00","411,336,500.00","420,849,600.00","431,572,600.00","413,321,800.00","434,542,900.00","439,401,900.00","453,512,900.00","433,537,200.00","453,891,300.00","473,660,900.00","474,608,700.00","449,511,100.00","471,629,900.00","484,491,500.00","487,864,600.00","454,699,800.00","477,978,900.00","486,374,200.00","494,910,700.00",...,...,...
,"Kosovo, Rep. of","1,069.22","1,395.66","1,466.27","1,395.40","1,167.10","1,403.65","1,548.23","1,448.28","1,201.03","1,459.64","1,616.81","1,529.52","1,258.96","1,531.67","1,695.69","1,584.36","1,296.27","1,630.29","1,809.84","1,677.14","1,347.35","1,719.25","1,869.71","1,789.78","1,421.32","1,823.96","1,967.39","1,866.95","1,437.69","1,635.72",...
,Kyrgyz Rep.,"62,957.70","76,846.90","103,201.40","112,288.80","69,449.10","84,316.60","116,879.10","130,049.20","80,709.70","92,915.40","120,251.00","129,759.40","78,799.00","97,238.10","134,046.10","142,595.80","86,143.10",...,...,...,...,...,...,...,...,...,...,...,...,...,...
,Latvia,"5,063.18","5,687.35","5,992.19","6,180.99","5,292.74","5,868.84","6,153.26","6,299.07","5,469.63","6,150.80","6,450.56","6,489.89","5,653.88","6,333.62","6,571.97","6,800.81","5,953.49","6,737.37","7,067.79","7,203.61","6,293.85","7,310.33","7,675.43","7,862.93","6,735.07","7,647.71","8,047.21","8,033.34","6,734.12","6,894.28","7,801.02"
,Lithuania,"7,715.56","8,784.26","9,532.34","9,007.38","8,187.20","9,209.08","9,899.79","9,285.24","8,212.00","9,366.88","10,131.13","9,635.69","8,564.72","9,742.84","10,473.36","10,108.95","9,313.93","10,490.98","11,455.39","11,016.00","10,009.24","11,288.81","12,146.69","12,046.32","10,809.31","12,109.15","13,060.87","12,818.04","11,218.26","11,572.14","13,186.93"
,Luxembourg,"10,935.20","11,582.02","11,492.71","12,489.56","12,048.12","12,124.21","12,307.06","13,344.98","12,713.06","13,005.51","12,455.11","13,892.11","13,170.91","13,532.80","13,462.29","14,701.22","13,672.63","14,068.37","13,822.29","15,250.90","14,377.40","14,845.99","14,829.89","15,999.78","15,091.31","15,824.41","15,628.87","16,971.74","15,641.92","15,212.39",...
,Malaysia,"241,834.00","245,051.00","258,245.00","273,484.00","265,983.00","272,369.00","278,762.00","289,328.00","277,698.00","283,722.00","292,722.00","304,371.00","290,946.00","298,998.00","312,163.00","328,914.00","324,577.00","329,787.00","343,008.00","356,009.00","343,151.00","348,979.00","363,085.00","374,627.00",...,...,...,...,...,...,...
,Malta,"1,841.26","1,987.83","2,114.69","2,000.57","2,035.62","2,163.86","2,301.92","2,249.69","2,325.56","2,490.11","2,622.73","2,558.31","2,481.33","2,627.40","2,778.48","2,684.25","2,752.73","2,910.37","3,065.98","2,945.66","2,879.85","3,112.30","3,330.54","3,185.60","3,134.42","3,354.87","3,533.93","3,439.19","3,211.41","2,857.50","3,221.35"
,Mauritius,"86,228.00","90,540.00","92,605.00","103,024.00","90,515.00","96,802.00","97,155.00","107,590.00","95,623.00","100,197.00","102,148.00","111,924.00","101,639.00","106,372.00","108,007.00","118,747.00","106,751.00","112,896.00","112,745.00","124,809.00","112,264.00","119,926.00","117,969.00","131,097.00","117,270.00","124,221.00","123,165.00","133,618.00","116,891.00","84,189.00",...
,Mexico,"3,942,055.00","4,049,589.30","4,050,895.10","4,234,647.70","4,192,552.10","4,356,929.70","4,365,238.30","4,569,585.50","4,444,960.00","4,625,437.10","4,672,511.30","4,829,201.10","4,743,188.50","4,996,164.20","5,040,718.20","5,348,986.50","5,331,244.20","5,452,593.30","5,431,331.60","5,718,998.40","5,666,917.20","5,910,993.40","5,847,669.40","6,097,667.20","6,023,123.20","6,128,287.30","6,068,063.50","6,223,540.30","6,122,646.40","5,011,515.60","5,775,725.50"
,"Moldova, Rep. of","23,518.12","28,351.57","35,832.90","31,830.28","25,632.58","31,383.37","40,774.62","35,691.07","29,177.61","34,115.62","42,949.06","39,511.35","32,330.65","37,571.47","47,568.56","43,343.89","35,132.54","40,701.45","54,233.51","48,813.39","37,908.30","44,693.63","58,217.29","51,689.33","41,214.96","49,758.51","64,410.44","54,967.17","43,685.33",...,...
,Mongolia,"3,508,102.40","5,077,543.40","5,281,732.40","5,306,864.30","4,222,086.50","5,970,325.30","6,366,832.30","5,667,810.20","4,643,453.60","6,041,806.60","6,463,642.60","6,001,482.80","4,738,100.20","6,221,958.20","6,290,160.80","6,692,647.20","5,831,456.60","7,240,074.50","7,317,453.00","7,506,540.10","6,758,521.90","8,408,131.40","8,293,359.50",...,...,...,...,...,...,...,...
,Montenegro,637.77,788.14,"1,101.90",834.67,663.64,800.42,"1,125.02",868.85,686.30,859.34,"1,189.22",919.65,729.50,920.47,"1,291.33","1,012.92",783.81,"1,008.27","1,416.29","1,090.72",848.71,"1,108.23","1,531.06","1,175.14",886.03,"1,151.55","1,630.57","1,239.75",913.12,900.50,...
,Morocco,"216,036.00","218,589.76","216,511.73","221,653.74","220,144.92","230,247.00","222,894.00","237,074.00","245,666.00","242,731.00","243,917.00","254,017.00","247,929.00","251,806.00","250,809.00","261,830.00","258,043.00","261,789.00","262,969.00","272,593.00",...,...,...,...,...,...,...,...,...,...,...
,"Netherlands, The","161,409.00","168,105.00","161,493.00","169,456.00","164,432.00","169,898.00","163,863.00","173,367.00","166,535.00","175,441.00","170,501.00","177,531.00","171,335.00","179,918.00","174,235.00","182,849.00","178,225.00","187,838.00","181,702.00","190,381.00","188,086.00","196,773.00","190,226.00","198,902.00","196,565.00","206,487.00","199,281.00","207,914.00","200,967.00","191,318.00","199,016.00"
,New Zealand,"55,526.00","55,040.00","54,922.00","62,551.00","60,206.00","59,123.00","57,479.00","63,739.00","61,901.00","61,891.00","60,447.00","66,627.00","65,584.00","65,156.00","63,862.00","71,400.00","70,066.00","69,371.00","68,806.00","77,034.00","73,995.00","73,270.00","71,560.00","79,039.00","76,867.00","76,139.00","74,962.00","83,399.00","79,633.00","70,282.00",...
,Nigeria,"18,522,185.10","20,149,674.20","20,703,824.60","21,634,280.80","20,381,903.54","21,957,446.05","23,232,819.39","24,564,815.67","21,242,543.07","23,080,911.17","24,627,752.28","26,226,529.16","22,435,464.29","23,737,297.49","26,871,010.76","29,531,645.49","26,228,851.52",...,...,...,...,...,...,...,...,...,...,...,...,...,...
,"North Macedonia, Republic of","109,082.25","127,692.71","131,072.03","134,044.01","120,689.72","134,262.15","134,107.44","138,571.69","128,439.38","138,813.89","143,586.62","148,113.73","135,707.09","146,029.49","154,078.80","158,979.42","143,436.12","150,671.58","159,616.72","164,381.27","151,570.00","161,388.51","167,567.55","177,527.23","163,049.61","169,422.03","177,644.70","187,428.74","165,682.60","149,781.52",...
,Norway,"747,988.00","759,090.00","752,187.00","811,959.00","795,088.00","770,454.00","763,222.00","812,050.00","778,574.00","779,478.00","762,868.00","790,248.00","748,858.00","779,503.00","747,380.00","822,407.00","832,832.00","802,759.00","792,092.00","867,699.00","868,912.00","882,148.00","866,856.00","935,984.00","907,658.00","873,796.00","853,188.00","933,847.00","899,799.00","789,686.00","817,468.00"
,Paraguay,"42,269,507.14","40,792,316.99","39,779,858.36","43,872,904.38","45,041,113.69","43,843,655.47","43,007,943.09","47,828,896.95","46,213,986.94","45,731,218.48","45,894,730.01","50,390,787.89","49,164,479.59","49,477,963.46","51,398,177.64","54,406,657.59","54,670,990.40","52,521,629.20","53,667,473.64","58,328,323.63","58,221,782.91","57,417,843.21","54,934,337.57","60,915,313.89","59,284,095.12","56,740,949.63","57,813,751.26","64,215,351.69","62,730,984.63","54,114,895.33",...
,Peru,"122,916.39","133,263.12","135,728.93","142,798.21","134,852.66","142,909.40","145,943.50","152,674.49","140,937.60","152,929.29","154,507.51","164,129.97","152,606.28","163,069.09","167,107.48","175,932.04","162,726.77",...,...,...,...,...,...,...,...,...,...,...,...,...,...
,Philippines,"2,772,721.44","2,993,984.53","2,914,503.45","3,369,382.56","3,035,914.96","3,296,724.14","3,174,415.96","3,699,773.19","3,204,277.05","3,493,899.84","3,330,582.62","3,915,397.94","3,437,649.72","3,791,145.29","3,644,978.90","4,258,607.56","3,745,533.03","4,153,954.14","4,017,921.78","4,639,242.14","4,101,138.01","4,568,791.82","4,450,212.83","5,145,047.61","4,422,950.88","4,857,262.38","4,729,028.45","5,507,176.56","4,473,249.60",...,...
,"Poland, Rep. of","378,756.50","399,916.30","405,103.50","462,947.60","396,634.70","416,337.90","423,147.90","475,123.70","414,810.90","434,588.40","440,965.80","510,746.90","430,411.30","451,043.30","455,789.30","526,243.00","458,677.90","479,296.20","491,469.10","560,391.40","488,230.00","509,006.00","526,563.40","597,755.60","526,340.70","553,235.50","568,172.80","639,989.30","556,426.70","528,177.50","582,494.90"
,Portugal,"40,736.60","42,240.49","43,458.00","44,057.19","41,069.01","43,644.07","44,390.53","43,950.08","42,849.10","45,445.38","45,983.07","45,435.61","44,687.97","47,011.70","47,638.58","47,151.56","46,646.14","49,343.70","49,945.46","50,011.91","48,732.85","51,366.90","52,376.16","52,708.22","50,896.91","53,352.21","54,200.83","54,851.09","50,766.91","46,408.73","51,689.37"
,Qatar,"184,386.91","174,597.26","180,040.87","184,343.59","196,893.10","189,356.65","188,804.04","175,603.75","154,131.26","152,091.76","148,999.36","144,072.47","131,794.00","134,814.00","141,278.00","147,100.00",...,...,...,...,...,...,...,...,...,...,...,...,...,...,...
,Romania,"121,218.20","147,866.60","175,153.60","190,729.40","129,532.80","156,932.90","184,502.60","198,735.60","139,809.60","162,825.60","197,342.60","211,952.10","146,977.10","179,192.50","207,632.90","229,850.00","164,727.80","197,201.40","237,636.60","258,329.90","180,660.30","220,882.10","264,044.40","286,141.70","202,920.00","245,061.80","290,460.80","321,360.60","215,965.20","223,130.30","279,174.40"
,Russian Federation,"16,370,002.90","17,507,881.80","19,003,469.30","20,104,347.10","17,311,393.60","19,044,189.40","20,544,004.20","22,130,452.90","18,467,912.80","19,751,015.00","21,788,589.40","23,079,842.90","18,885,121.10","20,452,234.60","22,235,115.20","24,043,612.80","20,586,119.10","21,917,573.80","23,718,216.20","25,621,245.20","22,845,267.30","25,225,572.00","27,508,923.90","29,049,874.50","24,944,791.20","26,410,242.40","28,875,418.60","29,815,599.40",...,...,...
,Rwanda,"1,187,000.00","1,225,000.00","1,226,000.00","1,295,000.00","1,322,000.00","1,354,000.00","1,396,000.00","1,394,000.00","1,424,000.00","1,458,000.00","1,518,000.00","1,561,000.00","1,594,000.00","1,620,000.00","1,672,000.00","1,736,000.00","1,817,000.00","1,869,000.00","1,927,000.00","1,985,000.00","1,986,000.00","2,000,000.00","2,065,000.00","2,137,000.00",...,...,...,...,...,...,...
,Samoa,452.45,458.96,480.15,467.75,456.09,462.43,503.35,499.86,473.96,471.77,523.19,513.38,510.51,508.22,550.72,539.54,...,...,...,...,...,...,...,...,...,...,...,...,...,...,...
,Saudi Arabia,"702,563.81","692,774.32","701,752.52","702,836.08","746,219.90","726,232.14","723,184.18","640,677.24","642,110.53","633,736.54","606,991.68","570,673.48","576,101.46","600,753.74","605,080.49","636,572.66","634,716.53","624,765.63","644,513.35","678,202.47","699,190.72","738,850.54","745,061.51","766,354.11","718,543.14","740,031.80","745,369.33","769,681.37",...,...,...
,"Serbia, Rep. of","933,676.12","1,018,453.34","1,063,810.64","1,105,260.06","959,647.72","1,031,703.87","1,052,365.73","1,116,831.14","975,863.71","1,075,194.42","1,098,918.84","1,162,061.13","1,025,541.29","1,121,052.35","1,157,807.05","1,216,863.97","1,077,243.46","1,178,356.12","1,218,607.96","1,280,160.86","1,151,792.80","1,261,706.28","1,305,151.01","1,349,938.42","1,205,951.82","1,334,130.27","1,400,872.56","1,469,839.55","1,296,111.51","1,264,018.36",...
,Seychelles,"3,882.05","3,924.87","3,993.37","4,214.24","4,148.89","4,122.60","4,253.18","4,594.52","4,476.50","4,451.60","4,646.04","4,765.70","4,683.56","4,689.33","4,727.16","4,914.01","4,963.90","4,984.30","5,137.23","5,204.58",...,...,...,...,...,...,...,...,...,...,...
,Singapore,"93,773.00","95,587.20","96,028.30","99,481.80","97,120.80","98,340.90","99,544.70","103,941.50","103,265.10","104,436.60","106,263.80","109,478.60","106,010.00","107,670.70","109,770.30","116,767.20","115,703.60","114,447.30","116,683.20","125,245.00","120,635.10","123,701.70","127,699.00","131,359.40","125,745.40","125,250.60","127,910.50","128,661.20",...,...,...
,Slovak Rep.,"17,228.51","18,607.21","19,631.45","18,981.60","17,564.87","19,011.88","20,145.48","19,547.57","18,230.77","19,856.33","21,047.56","20,632.91","18,645.57","20,288.51","21,186.42","20,930.99","19,197.59","21,150.27","22,222.35","21,961.98","20,266.93","22,483.98","23,696.53","23,058.07","21,587.86","23,587.19","24,513.30","24,176.83","21,451.79","21,131.77","24,440.07"
,"Slovenia, Rep. of","8,467.07","9,320.22","9,348.78","9,318.26","8,785.64","9,659.25","9,687.91","9,501.50","9,046.14","9,852.73","9,975.65","9,978.12","9,392.41","10,295.05","10,371.09","10,384.66","9,887.78","10,871.87","11,016.37","11,233.10","10,575.77","11,517.59","11,835.09","11,934.16","11,252.05","12,189.93","12,488.89","12,461.68","11,273.94","10,901.18","12,158.33"
,South Africa,"841,916.12","877,803.37","900,821.73","919,435.75","916,398.13","939,966.43","965,656.76","983,328.25","976,974.31","1,005,469.08","1,021,882.73","1,047,094.55","1,052,551.72","1,079,829.24","1,096,006.72","1,121,926.49","1,114,987.24","1,149,842.47","1,178,807.10","1,208,147.97",...,...,...,...,...,...,...,...,...,...,...
,Spain,"246,846.00","259,228.00","251,199.00","263,075.00","248,197.00","260,733.00","254,780.00","268,448.00","257,233.00","272,132.00","266,375.00","281,850.00","265,844.00","281,788.00","275,793.00","290,415.00","276,574.00","294,157.00","287,429.00","303,707.00","286,806.00","305,083.00","297,131.00","315,221.00","298,529.00","315,695.00","305,647.00","324,901.00","290,641.00","250,559.00","280,342.00"
,Sri Lanka,"2,407,674.07","2,332,841.75","2,425,773.08","2,425,836.02","2,529,211.00","2,507,968.00","2,646,734.00","2,764,566.00","2,653,430.70","2,673,185.60","2,785,399.89","2,838,604.32","2,907,241.13","2,872,373.75","2,942,082.80","3,185,054.39","3,261,838.20","3,153,644.84","3,328,461.69","3,545,522.27",...,...,...,...,...,...,...,...,...,...,...
,Sweden,"919,673.00","979,878.00","924,681.00","998,439.00","951,259.00","1,023,626.00","968,754.00","1,049,091.00","1,010,436.00","1,092,097.00","1,032,860.00","1,125,077.00","1,048,249.00","1,136,446.00","1,058,650.00","1,171,686.00","1,105,221.00","1,189,075.00","1,107,745.00","1,223,053.00","1,157,617.00","1,248,970.00","1,147,467.00","1,274,252.00","1,208,426.00","1,291,500.00","1,208,196.00","1,316,069.00","1,239,227.00","1,215,957.00","1,186,493.00"
,Switzerland,"159,589.62","165,248.27","165,900.36","169,910.51","163,431.48","167,991.92","168,639.84","172,754.97","164,653.25","168,369.43","169,421.28","173,291.69","166,919.48","171,784.57","171,732.25","175,004.68","168,653.14","171,953.86","173,899.99","179,187.14","174,321.77","181,118.66","179,741.77","184,431.59","177,765.19","181,848.20","181,516.17","185,791.38","175,815.11","166,698.01","177,545.25"
,Thailand,"3,287,583.00","3,139,844.00","3,178,279.00","3,309,452.00","3,322,191.00","3,242,832.00","3,257,778.00","3,407,500.00","3,431,781.00","3,333,228.00","3,416,356.00","3,562,098.00","3,598,693.00","3,557,831.00","3,628,874.00","3,807,197.00","3,830,987.00","3,752,139.00","3,853,827.00","4,049,598.00","4,050,238.00","3,998,361.00","4,063,328.00","4,253,645.00","4,217,970.00","4,147,950.00","4,175,125.00","4,334,846.00","4,161,945.00","3,546,985.00",...
,Turkey,"388,660.86","444,833.48","494,782.61","495,150.37","454,056.29","490,144.36","551,348.08","559,349.11","500,472.61","566,138.63","634,505.32","649,824.78","567,941.67","635,574.64","670,483.69","752,559.72","654,453.58","740,272.38","839,912.11","899,066.19","796,554.44","898,229.27","1,036,561.05","1,026,970.86","925,360.24","1,028,470.10","1,158,060.43","1,208,300.46","1,073,816.25","1,041,339.50","1,419,482.74"
,Ukraine,"303,753.00","354,814.00","398,000.00","408,631.00","316,905.00","382,391.00","440,476.00","447,143.00","375,991.00","456,715.00","566,997.00","588,841.00","455,298.00","535,701.00","671,456.00","722,912.00","592,523.00","665,233.00","834,287.00","891,839.00","705,977.00","810,174.00","994,810.00","1,049,635.00","815,123.00","932,677.00","1,111,862.00","1,114,902.00","845,829.00","867,782.00",...
,United Kingdom,"439,582.00","438,760.00","444,285.00","457,709.00","465,014.00","461,383.00","463,493.00","473,118.00","475,839.00","477,094.00","477,690.00","489,018.00","492,993.00","496,451.00","494,296.00","510,972.00","514,962.00","510,912.00","513,830.00","529,053.00","528,688.00","530,063.00","534,823.00","548,218.00","551,736.00","546,179.00","552,905.00","563,542.00","555,298.00","472,173.00","515,952.00"
,United States,"4,049,584.00","4,163,863.00","4,234,415.00","4,336,990.00","4,193,475.00","4,355,448.00","4,449,960.00","4,528,375.00","4,381,185.00","4,563,206.00","4,614,948.00","4,665,441.00","4,488,764.00","4,678,299.00","4,734,573.00","4,813,405.00","4,649,728.00","4,863,682.00","4,940,866.00","5,065,149.00","4,917,129.00","5,141,726.00","5,209,973.00","5,311,394.00","5,148,400.00","5,360,917.00","5,404,652.00","5,517,583.00","5,251,691.00",...,...
,Uruguay,"271,714.59","284,426.95","294,813.23","327,376.95","314,521.18","323,686.10","328,921.41","363,379.67","348,894.17","347,755.80","365,657.98","393,540.27","384,061.83","382,547.45","395,844.55","426,741.54","417,423.67","408,742.39","421,086.13","459,856.45","444,841.00","443,000.51","458,149.18","492,659.43",...,...,...,...,...,...,...
,West Bank and Gaza,"2,829.10","3,145.50","3,183.10","3,318.30","3,171.80","3,309.80","3,188.70","3,045.30","2,936.30","3,183.80","3,216.40","3,336.50","3,233.90","3,363.90","3,457.50","3,370.40","3,387.30","3,653.70","3,728.30","3,728.80","3,689.90","3,559.50",...,...,...,...,...,...,...,...,...
